subject_id,file_found,n_timepoints,n_rois_raw,is_transposed,nan_count,inf_count,constant_rois_count,low_variance_rois_indices,error,psd_plot_path,percent_stationary_adf,percent_stationary_kpss,percent_stationary_joint
0295,True,140,170,False,560,0,4,"[34, 35, 80, 81]",,/home/diego/Escritorio/desde_cero/mi_informe_qc/psd_0295.png,92.771,100.000,92.771
0413,True,140,170,False,560,0,4,"[34, 35, 80, 81]",,/home/diego/Escritorio/desde_cero/mi_informe_qc/psd_0413.png,95.783,100.000,95.783
0685,True,140,170,False,560,0,4,"[34, 35, 80, 81]",,/home/diego/Escritorio/desde_cero/mi_informe_qc/psd_0685.png,95.181,100.000,95.181
0729,True,140,170,False,560,0,4,"[34, 35, 80, 81]",,/home/diego/Escritorio/desde_cero/mi_informe_qc/psd_0729.png,99.398,100.000,99.398
1155,True,197,170,False,788,0,4,"[34, 35, 80, 81]",,/home/diego/Escritorio/desde_cero/mi_informe_qc/psd_1155.png,100.000,100.000,100.000
2010,True,140,170,False,560,0,4,"[34, 35, 80, 81]",,/home/diego/Escritorio/desde_cero/mi_informe_qc/psd_2010.png,91.566,100.000,91.566
2043,True,140,170,False,560,0,4,"[34, 35, 80, 81]",,/home/diego/Escritorio/desde_cero/mi_informe_qc/psd_2043.png,88.554,100.000,88.554
2073,True,140,170,False,560,0,4,"[34, 35, 80, 81]",,/home/diego/Escritorio/desde_cero/mi_informe_qc/psd_2073.png,95.783,100.000,95.783
4171,True,140,170,False,560,0,4,"[34, 35, 80, 81]",,/home/diego/Escritorio/desde_cero/mi_informe_qc/psd_4171.png,83.735,100.000,83.735
4213,True,140,170,False,560,0,4,"[34, 35, 80, 81]",,/home/diego/Escritorio/desde_cero/mi_informe_qc/psd_4213.png,85.542,100.000,85.542
4219,True,140,170,False,560,0,4,"[34, 35, 80, 81]",,/home/diego/Escritorio/desde_cero/mi_informe_qc/psd_4219.png,90.964,100.000,90.964
4229,True,140,170,False,560,0,4,"[34, 35, 80, 81]",,/home/diego/Escritorio/desde_cero/mi_informe_qc/psd_4229.png,90.964,100.000,90.964
4237,True,140,170,False,560,0,4,"[34, 35, 80, 81]",,/home/diego/Escritorio/desde_cero/mi_informe_qc/psd_4237.png,96.988,100.000,96.988
4251,True,140,170,False,560,0,4,"[34, 35, 80, 81]",,/home/diego/Escritorio/desde_cero/mi_informe_qc/psd_4251.png,97.590,100.000,97.590
4262,True,140,170,False,560,0,4,"[34, 35, 80, 81]",,/home/diego/Escritorio/desde_cero/mi_informe_qc/psd_4262.png,97.590,100.000,97.590
4264,True,140,170,False,560,0,4,"[34, 35, 80, 81]",,/home/diego/Escritorio/desde_cero/mi_informe_qc/psd_4264.png,96.988,100.000,96.988
4270,True,140,170,False,560,0,4,"[34, 35, 80, 81]",,/home/diego/Escritorio/desde_cero/mi_informe_qc/psd_4270.png,90.964,100.000,90.964
4473,True,197,170,False,788,0,4,"[34, 35, 80, 81]",,/home/diego/Escritorio/desde_cero/mi_informe_qc/psd_4473.png,100.000,100.000,100.000
4654,True,197,170,False,788,0,4,"[34, 35, 80, 81]",,/home/diego/Escritorio/desde_cero/mi_informe_qc/psd_4654.png,100.000,100.000,100.000
4799,True,197,170,False,788,0,4,"[34, 35, 80, 81]",,/home/diego/Escritorio/desde_cero/mi_informe_qc/psd_4799.png,100.000,100.000,100.000
0908,True,197,170,False,788,0,4,"[34, 35, 80, 81]",,/home/diego/Escritorio/desde_cero/mi_informe_qc/psd_0908.png,100.000,100.000,100.000
1074,True,197,170,False,788,0,4,"[34, 35, 80, 81]",,/home/diego/Escritorio/desde_cero/mi_informe_qc/psd_1074.png,100.000,99.398,99.398
1122,True,197,170,False,788,0,4,"[34, 35, 80, 81]",,/home/diego/Escritorio/desde_cero/mi_informe_qc/psd_1122.png,100.000,100.000,100.000
4354,True,197,170,False,788,0,4,"[34, 35, 80, 81]",,/home/diego/Escritorio/desde_cero/mi_informe_qc/psd_4354.png,100.000,98.795,98.795
6258,True,197,170,False,788,0,4,"[34, 35, 80, 81]",,/home/diego/Escritorio/desde_cero/mi_informe_qc/psd_6258.png,100.000,100.000,100.000
6264,True,197,170,False,788,0,4,"[34, 35, 80, 81]",,/home/diego/Escritorio/desde_cero/mi_informe_qc/psd_6264.png,100.000,100.000,100.000
6268,True,197,170,False,788,0,4,"[34, 35, 80, 81]",,/home/diego/Escritorio/desde_cero/mi_informe_qc/psd_6268.png,100.000,100.000,100.000
6432,True,197,170,False,788,0,4,"[34, 35, 80, 81]",,/home/diego/Escritorio/desde_cero/mi_informe_qc/psd_6432.png,100.000,100.000,100.000
6606,True,197,170,False,788,0,4,"[34, 35, 80, 81]",,/home/diego/Escritorio/desde_cero/mi_informe_qc/psd_6606.png,100.000,100.000,100.000
6678,True,197,170,False,788,0,4,"[34, 35, 80, 81]",,/home/diego/Escritorio/desde_cero/mi_informe_qc/psd_6678.png,100.000,100.000,100.000
6833,True,197,170,False,788,0,4,"[34, 35, 80, 81]",,/home/diego/Escritorio/desde_cero/mi_informe_qc/psd_6833.png,100.000,100.000,100.000
6954,True,197,170,False,788,0,4,"[34, 35, 80, 81]",,/home/diego/Escritorio/desde_cero/mi_informe_qc/psd_6954.png,100.000,100.000,100.000
4185,True,200,170,False,800,0,4,"[34, 35, 80, 81]",,/home/diego/Escritorio/desde_cero/mi_informe_qc/psd_4185.png,100.000,100.000,100.000
0498,True,197,170,False,788,0,4,"[34, 35, 80, 81]",,/home/diego/Escritorio/desde_cero/mi_informe_qc/psd_0498.png,100.000,100.000,100.000
0731,True,197,170,False,788,0,4,"[34, 35, 80, 81]",,/home/diego/Escritorio/desde_cero/mi_informe_qc/psd_0731.png,100.000,100.000,100.000
4150,True,140,170,False,560,0,4,"[34, 35, 80, 81]",,/home/diego/Escritorio/desde_cero/mi_informe_qc/psd_4150.png,81.928,100.000,81.928
4153,True,140,170,False,560,0,4,"[34, 35, 80, 81]",,/home/diego/Escritorio/desde_cero/mi_informe_qc/psd_4153.png,97.590,100.000,97.590
4192,True,140,170,False,560,0,4,"[34, 35, 80, 81]",,/home/diego/Escritorio/desde_cero/mi_informe_qc/psd_4192.png,84.940,100.000,84.940
4346,True,140,170,False,560,0,4,"[34, 35, 80, 81]",,/home/diego/Escritorio/desde_cero/mi_informe_qc/psd_4346.png,95.181,100.000,95.181
4357,True,140,170,False,560,0,4,"[34, 35, 80, 81]",,/home/diego/Escritorio/desde_cero/mi_informe_qc/psd_4357.png,99.398,100.000,99.398
4363,True,140,170,False,560,0,4,"[34, 35, 80, 81]",,/home/diego/Escritorio/desde_cero/mi_informe_qc/psd_4363.png,88.554,100.000,88.554
4449,True,140,170,False,560,0,4,"[34, 35, 80, 81]",,/home/diego/Escritorio/desde_cero/mi_informe_qc/psd_4449.png,92.771,100.000,92.771
4485,True,140,170,False,560,0,4,"[34, 35, 80, 81]",,/home/diego/Escritorio/desde_cero/mi_informe_qc/psd_4485.png,90.964,100.000,90.964
4546,True,140,170,False,560,0,4,"[34, 35, 80, 81]",,/home/diego/Escritorio/desde_cero/mi_informe_qc/psd_4546.png,93.976,100.000,93.976
4679,True,140,170,False,560,0,4,"[34, 35, 80, 81]",,/home/diego/Escritorio/desde_cero/mi_informe_qc/psd_4679.png,96.386,100.000,96.386
4713,True,140,170,False,560,0,4,"[34, 35, 80, 81]",,/home/diego/Escritorio/desde_cero/mi_informe_qc/psd_4713.png,95.783,100.000,95.783
4867,True,140,170,False,560,0,4,"[34, 35, 80, 81]",,/home/diego/Escritorio/desde_cero/mi_informe_qc/psd_4867.png,96.386,100.000,96.386
4960,True,140,170,False,560,0,4,"[34, 35, 80, 81]",,/home/diego/Escritorio/desde_cero/mi_informe_qc/psd_4960.png,98.795,100.000,98.795
6209,True,197,170,False,788,0,4,"[34, 35, 80, 81]",,/home/diego/Escritorio/desde_cero/mi_informe_qc/psd_6209.png,100.000,100.000,100.000
6234,True,197,170,False,788,0,4,"[34, 35, 80, 81]",,/home/diego/Escritorio/desde_cero/mi_informe_qc/psd_6234.png,100.000,100.000,100.000
6243,True,197,170,False,788,0,4,"[34, 35, 80, 81]",,/home/diego/Escritorio/desde_cero/mi_informe_qc/psd_6243.png,100.000,100.000,100.000
6252,True,197,170,False,788,0,4,"[34, 35, 80, 81]",,/home/diego/Escritorio/desde_cero/mi_informe_qc/psd_6252.png,100.000,100.000,100.000
6291,True,197,170,False,788,0,4,"[34, 35, 80, 81]",,/home/diego/Escritorio/desde_cero/mi_informe_qc/psd_6291.png,100.000,100.000,100.000
6375,True,197,170,False,788,0,4,"[34, 35, 80, 81]",,/home/diego/Escritorio/desde_cero/mi_informe_qc/psd_6375.png,100.000,100.000,100.000
6441,True,197,170,False,788,0,4,"[34, 35, 80, 81]",,/home/diego/Escritorio/desde_cero/mi_informe_qc/psd_6441.png,100.000,100.000,100.000
6610,True,197,170,False,788,0,4,"[34, 35, 80, 81]",,/home/diego/Escritorio/desde_cero/mi_informe_qc/psd_6610.png,100.000,100.000,100.000
6651,True,197,170,False,788,0,4,"[34, 35, 80, 81]",,/home/diego/Escritorio/desde_cero/mi_informe_qc/psd_6651.png,100.000,100.000,100.000
6657,True,197,170,False,788,0,4,"[34, 35, 80, 81]",,/home/diego/Escritorio/desde_cero/mi_informe_qc/psd_6657.png,100.000,100.000,100.000
6672,True,197,170,False,788,0,4,"[34, 35, 80, 81]",,/home/diego/Escritorio/desde_cero/mi_informe_qc/psd_6672.png,100.000,100.000,100.000
6674,True,197,170,False,788,0,4,"[34, 35, 80, 81]",,/home/diego/Escritorio/desde_cero/mi_informe_qc/psd_6674.png,100.000,100.000,100.000
6677,True,197,170,False,788,0,4,"[34, 35, 80, 81]",,/home/diego/Escritorio/desde_cero/mi_informe_qc/psd_6677.png,100.000,100.000,100.000
6682,True,197,170,False,788,0,4,"[34, 35, 80, 81]",,/home/diego/Escritorio/desde_cero/mi_informe_qc/psd_6682.png,100.000,100.000,100.000
6689,True,197,170,False,788,0,4,"[34, 35, 80, 81]",,/home/diego/Escritorio/desde_cero/mi_informe_qc/psd_6689.png,100.000,100.000,100.000
6696,True,197,170,False,788,0,4,"[34, 35, 80, 81]",,/home/diego/Escritorio/desde_cero/mi_informe_qc/psd_6696.png,100.000,100.000,100.000
6770,True,197,170,False,788,0,4,"[34, 35, 80, 81]",,/home/diego/Escritorio/desde_cero/mi_informe_qc/psd_6770.png,100.000,100.000,100.000
4135,True,140,170,False,560,0,4,"[34, 35, 80, 81]",,/home/diego/Escritorio/desde_cero/mi_informe_qc/psd_4135.png,98.193,100.000,98.193
4442,True,140,170,False,560,0,4,"[34, 35, 80, 81]",,/home/diego/Escritorio/desde_cero/mi_informe_qc/psd_4442.png,95.181,100.000,95.181
5163,True,140,170,False,560,0,4,"[34, 35, 80, 81]",,/home/diego/Escritorio/desde_cero/mi_informe_qc/psd_5163.png,78.916,100.000,78.916
4547,True,197,170,False,788,0,4,"[34, 35, 80, 81]",,/home/diego/Escritorio/desde_cero/mi_informe_qc/psd_4547.png,100.000,100.000,100.000
4827,True,197,170,False,788,0,4,"[34, 35, 80, 81]",,/home/diego/Escritorio/desde_cero/mi_informe_qc/psd_4827.png,100.000,100.000,100.000
4893,True,197,170,False,788,0,4,"[34, 35, 80, 81]",,/home/diego/Escritorio/desde_cero/mi_informe_qc/psd_4893.png,100.000,100.000,100.000
6303,True,197,170,False,788,0,4,"[34, 35, 80, 81]",,/home/diego/Escritorio/desde_cero/mi_informe_qc/psd_6303.png,100.000,99.398,99.398
6618,True,197,170,False,788,0,4,"[34, 35, 80, 81]",,/home/diego/Escritorio/desde_cero/mi_informe_qc/psd_6618.png,100.000,100.000,100.000
4026,True,140,170,False,560,0,4,"[34, 35, 80, 81]",,/home/diego/Escritorio/desde_cero/mi_informe_qc/psd_4026.png,98.193,100.000,98.193
4094,True,140,170,False,560,0,4,"[34, 35, 80, 81]",,/home/diego/Escritorio/desde_cero/mi_informe_qc/psd_4094.png,96.386,100.000,96.386
4128,True,140,170,False,560,0,4,"[34, 35, 80, 81]",,/home/diego/Escritorio/desde_cero/mi_informe_qc/psd_4128.png,95.181,100.000,95.181
4188,True,140,170,False,560,0,4,"[34, 35, 80, 81]",,/home/diego/Escritorio/desde_cero/mi_informe_qc/psd_4188.png,90.964,100.000,90.964
4643,True,140,170,False,560,0,4,"[34, 35, 80, 81]",,/home/diego/Escritorio/desde_cero/mi_informe_qc/psd_4643.png,93.373,98.193,91.566
4849,True,140,170,False,560,0,4,"[34, 35, 80, 81]",,/home/diego/Escritorio/desde_cero/mi_informe_qc/psd_4849.png,96.386,100.000,96.386
4987,True,140,170,False,560,0,4,"[34, 35, 80, 81]",,/home/diego/Escritorio/desde_cero/mi_informe_qc/psd_4987.png,89.759,100.000,89.759
6073,True,197,170,False,788,0,4,"[34, 35, 80, 81]",,/home/diego/Escritorio/desde_cero/mi_informe_qc/psd_6073.png,100.000,100.000,100.000
6503,True,197,170,False,788,0,4,"[34, 35, 80, 81]",,/home/diego/Escritorio/desde_cero/mi_informe_qc/psd_6503.png,100.000,100.000,100.000
6760,True,197,170,False,788,0,4,"[34, 35, 80, 81]",,/home/diego/Escritorio/desde_cero/mi_informe_qc/psd_6760.png,100.000,100.000,100.000
1186,True,140,170,False,560,0,4,"[34, 35, 80, 81]",,/home/diego/Escritorio/desde_cero/mi_informe_qc/psd_1186.png,91.566,100.000,91.566
2324,True,140,170,False,560,0,4,"[34, 35, 80, 81]",,/home/diego/Escritorio/desde_cero/mi_informe_qc/psd_2324.png,95.181,100.000,95.181
2389,True,140,170,False,560,0,4,"[34, 35, 80, 81]",,/home/diego/Escritorio/desde_cero/mi_informe_qc/psd_2389.png,86.747,100.000,86.747
4236,True,140,170,False,560,0,4,"[34, 35, 80, 81]",,/home/diego/Escritorio/desde_cero/mi_informe_qc/psd_4236.png,96.988,100.000,96.988
4268,True,140,170,False,560,0,4,"[34, 35, 80, 81]",,/home/diego/Escritorio/desde_cero/mi_informe_qc/psd_4268.png,93.373,100.000,93.373
4395,True,140,170,False,560,0,4,"[34, 35, 80, 81]",,/home/diego/Escritorio/desde_cero/mi_informe_qc/psd_4395.png,96.988,100.000,96.988
4580,True,140,170,False,560,0,4,"[34, 35, 80, 81]",,/home/diego/Escritorio/desde_cero/mi_informe_qc/psd_4580.png,94.578,100.000,94.578
4595,True,140,170,False,560,0,4,"[34, 35, 80, 81]",,/home/diego/Escritorio/desde_cero/mi_informe_qc/psd_4595.png,98.795,100.000,98.795
4616,True,140,170,False,560,0,4,"[34, 35, 80, 81]",,/home/diego/Escritorio/desde_cero/mi_informe_qc/psd_4616.png,96.386,100.000,96.386
4731,True,140,170,False,560,0,4,"[34, 35, 80, 81]",,/home/diego/Escritorio/desde_cero/mi_informe_qc/psd_4731.png,86.145,100.000,86.145
4768,True,140,170,False,560,0,4,"[34, 35, 80, 81]",,/home/diego/Escritorio/desde_cero/mi_informe_qc/psd_4768.png,90.361,100.000,90.361
4791,True,140,170,False,560,0,4,"[34, 35, 80, 81]",,/home/diego/Escritorio/desde_cero/mi_informe_qc/psd_4791.png,94.578,100.000,94.578
4917,True,140,170,False,560,0,4,"[34, 35, 80, 81]",,/home/diego/Escritorio/desde_cero/mi_informe_qc/psd_4917.png,95.783,100.000,95.783
4985,True,140,170,False,560,0,4,"[34, 35, 80, 81]",,/home/diego/Escritorio/desde_cero/mi_informe_qc/psd_4985.png,95.783,100.000,95.783
5071,True,140,170,False,560,0,4,"[34, 35, 80, 81]",,/home/diego/Escritorio/desde_cero/mi_informe_qc/psd_5071.png,94.578,100.000,94.578
6206,True,197,170,False,788,0,4,"[34, 35, 80, 81]",,/home/diego/Escritorio/desde_cero/mi_informe_qc/psd_6206.png,100.000,100.000,100.000
6725,True,197,170,False,788,0,4,"[34, 35, 80, 81]",,/home/diego/Escritorio/desde_cero/mi_informe_qc/psd_6725.png,100.000,100.000,100.000
6768,True,197,170,False,788,0,4,"[34, 35, 80, 81]",,/home/diego/Escritorio/desde_cero/mi_informe_qc/psd_6768.png,100.000,100.000,100.000
6970,True,197,170,False,788,0,4,"[34, 35, 80, 81]",,/home/diego/Escritorio/desde_cero/mi_informe_qc/psd_6970.png,100.000,100.000,100.000
6975,True,197,170,False,788,0,4,"[34, 35, 80, 81]",,/home/diego/Escritorio/desde_cero/mi_informe_qc/psd_6975.png,100.000,100.000,100.000
7097,True,197,170,False,788,0,4,"[34, 35, 80, 81]",,/home/diego/Escritorio/desde_cero/mi_informe_qc/psd_7097.png,100.000,100.000,100.000
2308,True,197,170,False,788,0,4,"[34, 35, 80, 81]",,/home/diego/Escritorio/desde_cero/mi_informe_qc/psd_2308.png,100.000,100.000,100.000
6087,True,197,170,False,788,0,4,"[34, 35, 80, 81]",,/home/diego/Escritorio/desde_cero/mi_informe_qc/psd_6087.png,100.000,100.000,100.000
6765,True,197,170,False,788,0,4,"[34, 35, 80, 81]",,/home/diego/Escritorio/desde_cero/mi_informe_qc/psd_6765.png,100.000,100.000,100.000
6944,True,197,170,False,788,0,4,"[34, 35, 80, 81]",,/home/diego/Escritorio/desde_cero/mi_informe_qc/psd_6944.png,100.000,99.398,99.398
2133,True,140,170,False,560,0,4,"[34, 35, 80, 81]",,/home/diego/Escritorio/desde_cero/mi_informe_qc/psd_2133.png,85.542,100.000,85.542
2155,True,140,170,False,560,0,4,"[34, 35, 80, 81]",,/home/diego/Escritorio/desde_cero/mi_informe_qc/psd_2155.png,98.193,100.000,98.193
2180,True,140,170,False,560,0,4,"[34, 35, 80, 81]",,/home/diego/Escritorio/desde_cero/mi_informe_qc/psd_2180.png,92.169,100.000,92.169
4257,True,140,170,False,560,0,4,"[34, 35, 80, 81]",,/home/diego/Escritorio/desde_cero/mi_informe_qc/psd_4257.png,80.723,100.000,80.723
4313,True,140,170,False,560,0,4,"[34, 35, 80, 81]",,/home/diego/Escritorio/desde_cero/mi_informe_qc/psd_4313.png,82.530,100.000,82.530
4349,True,140,170,False,560,0,4,"[34, 35, 80, 81]",,/home/diego/Escritorio/desde_cero/mi_informe_qc/psd_4349.png,97.590,100.000,97.590
4400,True,140,170,False,560,0,4,"[34, 35, 80, 81]",,/home/diego/Escritorio/desde_cero/mi_informe_qc/psd_4400.png,96.386,99.398,95.783
4597,True,140,170,False,560,0,4,"[34, 35, 80, 81]",,/home/diego/Escritorio/desde_cero/mi_informe_qc/psd_4597.png,98.795,100.000,98.795
4696,True,140,170,False,560,0,4,"[34, 35, 80, 81]",,/home/diego/Escritorio/desde_cero/mi_informe_qc/psd_4696.png,95.181,100.000,95.181
4733,True,140,170,False,560,0,4,"[34, 35, 80, 81]",,/home/diego/Escritorio/desde_cero/mi_informe_qc/psd_4733.png,95.181,100.000,95.181
4809,True,140,170,False,560,0,4,"[34, 35, 80, 81]",,/home/diego/Escritorio/desde_cero/mi_informe_qc/psd_4809.png,87.952,100.000,87.952
4868,True,140,170,False,560,0,4,"[34, 35, 80, 81]",,/home/diego/Escritorio/desde_cero/mi_informe_qc/psd_4868.png,93.373,99.398,92.771
4889,True,140,170,False,560,0,4,"[34, 35, 80, 81]",,/home/diego/Escritorio/desde_cero/mi_informe_qc/psd_4889.png,80.723,100.000,80.723
5074,True,140,170,False,560,0,4,"[34, 35, 80, 81]",,/home/diego/Escritorio/desde_cero/mi_informe_qc/psd_5074.png,96.988,100.000,96.988
5240,True,140,170,False,560,0,4,"[34, 35, 80, 81]",,/home/diego/Escritorio/desde_cero/mi_informe_qc/psd_5240.png,99.398,100.000,99.398
6207,True,197,170,False,788,0,4,"[34, 35, 80, 81]",,/home/diego/Escritorio/desde_cero/mi_informe_qc/psd_6207.png,100.000,100.000,100.000
6351,True,197,170,False,788,0,4,"[34, 35, 80, 81]",,/home/diego/Escritorio/desde_cero/mi_informe_qc/psd_6351.png,100.000,100.000,100.000
6414,True,197,170,False,788,0,4,"[34, 35, 80, 81]",,/home/diego/Escritorio/desde_cero/mi_informe_qc/psd_6414.png,100.000,100.000,100.000
4252,True,140,170,False,560,0,4,"[34, 35, 80, 81]",,/home/diego/Escritorio/desde_cero/mi_informe_qc/psd_4252.png,94.578,100.000,94.578
4285,True,140,170,False,560,0,4,"[34, 35, 80, 81]",,/home/diego/Escritorio/desde_cero/mi_informe_qc/psd_4285.png,96.386,100.000,96.386
4293,True,140,170,False,560,0,4,"[34, 35, 80, 81]",,/home/diego/Escritorio/desde_cero/mi_informe_qc/psd_4293.png,94.578,100.000,94.578
4367,True,140,170,False,560,0,4,"[34, 35, 80, 81]",,/home/diego/Escritorio/desde_cero/mi_informe_qc/psd_4367.png,90.964,100.000,90.964
4477,True,140,170,False,560,0,4,"[34, 35, 80, 81]",,/home/diego/Escritorio/desde_cero/mi_informe_qc/psd_4477.png,100.000,100.000,100.000
4548,True,140,170,False,560,0,4,"[34, 35, 80, 81]",,/home/diego/Escritorio/desde_cero/mi_informe_qc/psd_4548.png,89.157,100.000,89.157
4549,True,140,170,False,560,0,4,"[34, 35, 80, 81]",,/home/diego/Escritorio/desde_cero/mi_informe_qc/psd_4549.png,98.795,100.000,98.795
4680,True,140,170,False,560,0,4,"[34, 35, 80, 81]",,/home/diego/Escritorio/desde_cero/mi_informe_qc/psd_4680.png,96.988,100.000,96.988
4835,True,140,170,False,560,0,4,"[34, 35, 80, 81]",,/home/diego/Escritorio/desde_cero/mi_informe_qc/psd_4835.png,91.566,100.000,91.566
5012,True,140,170,False,560,0,4,"[34, 35, 80, 81]",,/home/diego/Escritorio/desde_cero/mi_informe_qc/psd_5012.png,86.747,100.000,86.747
5019,True,140,170,False,560,0,4,"[34, 35, 80, 81]",,/home/diego/Escritorio/desde_cero/mi_informe_qc/psd_5019.png,92.169,100.000,92.169
6186,True,197,170,False,788,0,4,"[34, 35, 80, 81]",,/home/diego/Escritorio/desde_cero/mi_informe_qc/psd_6186.png,100.000,98.795,98.795
6315,True,197,170,False,788,0,4,"[34, 35, 80, 81]",,/home/diego/Escritorio/desde_cero/mi_informe_qc/psd_6315.png,100.000,100.000,100.000
6483,True,197,170,False,788,0,4,"[34, 35, 80, 81]",,/home/diego/Escritorio/desde_cero/mi_informe_qc/psd_6483.png,100.000,100.000,100.000
6573,True,197,170,False,788,0,4,"[34, 35, 80, 81]",,/home/diego/Escritorio/desde_cero/mi_informe_qc/psd_6573.png,100.000,100.000,100.000
6585,True,197,170,False,788,0,4,"[34, 35, 80, 81]",,/home/diego/Escritorio/desde_cero/mi_informe_qc/psd_6585.png,100.000,100.000,100.000
6630,True,197,170,False,788,0,4,"[34, 35, 80, 81]",,/home/diego/Escritorio/desde_cero/mi_informe_qc/psd_6630.png,100.000,100.000,100.000
6635,True,197,170,False,788,0,4,"[34, 35, 80, 81]",,/home/diego/Escritorio/desde_cero/mi_informe_qc/psd_6635.png,100.000,100.000,100.000
6668,True,197,170,False,788,0,4,"[34, 35, 80, 81]",,/home/diego/Escritorio/desde_cero/mi_informe_qc/psd_6668.png,100.000,100.000,100.000
6712,True,197,170,False,788,0,4,"[34, 35, 80, 81]",,/home/diego/Escritorio/desde_cero/mi_informe_qc/psd_6712.png,100.000,99.398,99.398
6757,True,197,170,False,788,0,4,"[34, 35, 80, 81]",,/home/diego/Escritorio/desde_cero/mi_informe_qc/psd_6757.png,100.000,100.000,100.000
7016,True,197,170,False,788,0,4,"[34, 35, 80, 81]",,/home/diego/Escritorio/desde_cero/mi_informe_qc/psd_7016.png,100.000,100.000,100.000
4659,True,200,170,False,800,0,4,"[34, 35, 80, 81]",,/home/diego/Escritorio/desde_cero/mi_informe_qc/psd_4659.png,100.000,100.000,100.000
4744,True,200,170,False,800,0,4,"[34, 35, 80, 81]",,/home/diego/Escritorio/desde_cero/mi_informe_qc/psd_4744.png,100.000,100.000,100.000
2263,True,197,170,False,788,0,4,"[34, 35, 80, 81]",,/home/diego/Escritorio/desde_cero/mi_informe_qc/psd_2263.png,100.000,100.000,100.000
2379,True,197,170,False,788,0,4,"[34, 35, 80, 81]",,/home/diego/Escritorio/desde_cero/mi_informe_qc/psd_2379.png,100.000,100.000,100.000
6013,True,197,170,False,788,0,4,"[34, 35, 80, 81]",,/home/diego/Escritorio/desde_cero/mi_informe_qc/psd_6013.png,100.000,100.000,100.000
6280,True,197,170,False,788,0,4,"[34, 35, 80, 81]",,/home/diego/Escritorio/desde_cero/mi_informe_qc/psd_6280.png,100.000,100.000,100.000
6716,True,197,170,False,788,0,4,"[34, 35, 80, 81]",,/home/diego/Escritorio/desde_cero/mi_informe_qc/psd_6716.png,100.000,100.000,100.000
4674,True,197,170,False,788,0,4,"[34, 35, 80, 81]",,/home/diego/Escritorio/desde_cero/mi_informe_qc/psd_4674.png,100.000,100.000,100.000
6033,True,197,170,False,788,0,4,"[34, 35, 80, 81]",,/home/diego/Escritorio/desde_cero/mi_informe_qc/psd_6033.png,100.000,100.000,100.000
2219,True,200,170,False,800,0,4,"[34, 35, 80, 81]",,/home/diego/Escritorio/desde_cero/mi_informe_qc/psd_2219.png,100.000,100.000,100.000
2245,True,200,170,False,800,0,4,"[34, 35, 80, 81]",,/home/diego/Escritorio/desde_cero/mi_informe_qc/psd_2245.png,100.000,100.000,100.000
4869,True,200,170,False,800,0,4,"[34, 35, 80, 81]",,/home/diego/Escritorio/desde_cero/mi_informe_qc/psd_4869.png,100.000,98.193,98.193
4919,True,200,170,False,800,0,4,"[34, 35, 80, 81]",,/home/diego/Escritorio/desde_cero/mi_informe_qc/psd_4919.png,100.000,97.590,97.590
6648,True,200,170,False,800,0,4,"[34, 35, 80, 81]",,/home/diego/Escritorio/desde_cero/mi_informe_qc/psd_6648.png,100.000,100.000,100.000
6733,True,200,170,False,800,0,4,"[34, 35, 80, 81]",,/home/diego/Escritorio/desde_cero/mi_informe_qc/psd_6733.png,100.000,100.000,100.000
6849,True,200,170,False,800,0,4,"[34, 35, 80, 81]",,/home/diego/Escritorio/desde_cero/mi_informe_qc/psd_6849.png,100.000,100.000,100.000
6965,True,200,170,False,800,0,4,"[34, 35, 80, 81]",,/home/diego/Escritorio/desde_cero/mi_informe_qc/psd_6965.png,100.000,100.000,100.000
2018,True,140,170,False,560,0,4,"[34, 35, 80, 81]",,/home/diego/Escritorio/desde_cero/mi_informe_qc/psd_2018.png,95.783,100.000,95.783
2022,True,140,170,False,560,0,4,"[34, 35, 80, 81]",,/home/diego/Escritorio/desde_cero/mi_informe_qc/psd_2022.png,96.386,100.000,96.386
2233,True,140,170,False,560,0,4,"[34, 35, 80, 81]",,/home/diego/Escritorio/desde_cero/mi_informe_qc/psd_2233.png,95.783,100.000,95.783
4005,True,140,170,False,560,0,4,"[34, 35, 80, 81]",,/home/diego/Escritorio/desde_cero/mi_informe_qc/psd_4005.png,96.988,100.000,96.988
4021,True,140,170,False,560,0,39,"[0, 2, 3, 4, 5, 6, 8, 10, 12, 14, 15, 18, 19, 20, 21, 22, 24, 26, 27, 28, 30, 34, 35, 36, 60, 62, 64, 66, 72, 73, 80, 81, 122, 150, 151, 152, 153, 154, 155]",,/home/diego/Escritorio/desde_cero/mi_informe_qc/psd_4021.png,94.656,100.000,94.656
4024,True,140,170,False,560,0,4,"[34, 35, 80, 81]",,/home/diego/Escritorio/desde_cero/mi_informe_qc/psd_4024.png,98.795,100.000,98.795
4029,True,140,170,False,560,0,4,"[34, 35, 80, 81]",,/home/diego/Escritorio/desde_cero/mi_informe_qc/psd_4029.png,95.181,100.000,95.181
4032,True,140,170,False,560,0,4,"[34, 35, 80, 81]",,/home/diego/Escritorio/desde_cero/mi_informe_qc/psd_4032.png,94.578,100.000,94.578
4042,True,140,170,False,560,0,4,"[34, 35, 80, 81]",,/home/diego/Escritorio/desde_cero/mi_informe_qc/psd_4042.png,91.566,100.000,91.566
4149,True,140,170,False,560,0,4,"[34, 35, 80, 81]",,/home/diego/Escritorio/desde_cero/mi_informe_qc/psd_4149.png,99.398,100.000,99.398
4194,True,140,170,False,560,0,4,"[34, 35, 80, 81]",,/home/diego/Escritorio/desde_cero/mi_informe_qc/psd_4194.png,89.759,100.000,89.759
4203,True,140,170,False,560,0,4,"[34, 35, 80, 81]",,/home/diego/Escritorio/desde_cero/mi_informe_qc/psd_4203.png,92.169,100.000,92.169
4218,True,140,170,False,560,0,4,"[34, 35, 80, 81]",,/home/diego/Escritorio/desde_cero/mi_informe_qc/psd_4218.png,96.988,100.000,96.988
4474,True,140,170,False,560,0,4,"[34, 35, 80, 81]",,/home/diego/Escritorio/desde_cero/mi_informe_qc/psd_4474.png,81.325,100.000,81.325
4476,True,140,170,False,560,0,4,"[34, 35, 80, 81]",,/home/diego/Escritorio/desde_cero/mi_informe_qc/psd_4476.png,98.795,100.000,98.795
4496,True,140,170,False,560,0,4,"[34, 35, 80, 81]",,/home/diego/Escritorio/desde_cero/mi_informe_qc/psd_4496.png,92.169,100.000,92.169
4590,True,140,170,False,560,0,4,"[34, 35, 80, 81]",,/home/diego/Escritorio/desde_cero/mi_informe_qc/psd_4590.png,95.783,100.000,95.783
4721,True,140,170,False,560,0,4,"[34, 35, 80, 81]",,/home/diego/Escritorio/desde_cero/mi_informe_qc/psd_4721.png,94.578,100.000,94.578
4947,True,140,170,False,560,0,4,"[34, 35, 80, 81]",,/home/diego/Escritorio/desde_cero/mi_informe_qc/psd_4947.png,99.398,100.000,99.398
6715,True,197,170,False,788,0,4,"[34, 35, 80, 81]",,/home/diego/Escritorio/desde_cero/mi_informe_qc/psd_6715.png,100.000,100.000,100.000
2119,True,197,170,False,788,0,4,"[34, 35, 80, 81]",,/home/diego/Escritorio/desde_cero/mi_informe_qc/psd_2119.png,100.000,100.000,100.000
6055,True,197,170,False,788,0,4,"[34, 35, 80, 81]",,/home/diego/Escritorio/desde_cero/mi_informe_qc/psd_6055.png,100.000,100.000,100.000
6600,True,197,170,False,788,0,4,"[34, 35, 80, 81]",,/home/diego/Escritorio/desde_cero/mi_informe_qc/psd_6600.png,100.000,100.000,100.000
6602,True,197,170,False,788,0,4,"[34, 35, 80, 81]",,/home/diego/Escritorio/desde_cero/mi_informe_qc/psd_6602.png,100.000,100.000,100.000
6700,True,197,170,False,788,0,4,"[34, 35, 80, 81]",,/home/diego/Escritorio/desde_cero/mi_informe_qc/psd_6700.png,100.000,100.000,100.000
6804,True,197,170,False,788,0,4,"[34, 35, 80, 81]",,/home/diego/Escritorio/desde_cero/mi_informe_qc/psd_6804.png,100.000,100.000,100.000
6855,True,197,170,False,788,0,4,"[34, 35, 80, 81]",,/home/diego/Escritorio/desde_cero/mi_informe_qc/psd_6855.png,100.000,98.795,98.795
4114,True,197,170,False,788,0,4,"[34, 35, 80, 81]",,/home/diego/Escritorio/desde_cero/mi_informe_qc/psd_4114.png,100.000,100.000,100.000
4414,True,197,170,False,788,0,4,"[34, 35, 80, 81]",,/home/diego/Escritorio/desde_cero/mi_informe_qc/psd_4414.png,100.000,100.000,100.000
6380,True,197,170,False,788,0,4,"[34, 35, 80, 81]",,/home/diego/Escritorio/desde_cero/mi_informe_qc/psd_6380.png,100.000,100.000,100.000
6480,True,197,170,False,788,0,4,"[34, 35, 80, 81]",,/home/diego/Escritorio/desde_cero/mi_informe_qc/psd_6480.png,100.000,100.000,100.000
6641,True,197,170,False,788,0,4,"[34, 35, 80, 81]",,/home/diego/Escritorio/desde_cero/mi_informe_qc/psd_6641.png,100.000,100.000,100.000
6650,True,197,170,False,788,0,4,"[34, 35, 80, 81]",,/home/diego/Escritorio/desde_cero/mi_informe_qc/psd_6650.png,100.000,99.398,99.398
6660,True,197,170,False,788,0,4,"[34, 35, 80, 81]",,/home/diego/Escritorio/desde_cero/mi_informe_qc/psd_6660.png,100.000,100.000,100.000
6947,True,197,170,False,788,0,4,"[34, 35, 80, 81]",,/home/diego/Escritorio/desde_cero/mi_informe_qc/psd_6947.png,100.000,98.795,98.795
7000,True,197,170,False,788,0,4,"[34, 35, 80, 81]",,/home/diego/Escritorio/desde_cero/mi_informe_qc/psd_7000.png,100.000,100.000,100.000
7001,True,197,170,False,788,0,4,"[34, 35, 80, 81]",,/home/diego/Escritorio/desde_cero/mi_informe_qc/psd_7001.png,100.000,100.000,100.000
7021,True,197,170,False,788,0,4,"[34, 35, 80, 81]",,/home/diego/Escritorio/desde_cero/mi_informe_qc/psd_7021.png,100.000,99.398,99.398
7049,True,197,170,False,788,0,4,"[34, 35, 80, 81]",,/home/diego/Escritorio/desde_cero/mi_informe_qc/psd_7049.png,100.000,100.000,100.000
7073,True,197,170,False,788,0,4,"[34, 35, 80, 81]",,/home/diego/Escritorio/desde_cero/mi_informe_qc/psd_7073.png,100.000,99.398,99.398
7105,True,197,170,False,788,0,4,"[34, 35, 80, 81]",,/home/diego/Escritorio/desde_cero/mi_informe_qc/psd_7105.png,100.000,99.398,99.398
7120,True,197,170,False,788,0,4,"[34, 35, 80, 81]",,/home/diego/Escritorio/desde_cero/mi_informe_qc/psd_7120.png,100.000,100.000,100.000
7121,True,197,170,False,788,0,4,"[34, 35, 80, 81]",,/home/diego/Escritorio/desde_cero/mi_informe_qc/psd_7121.png,100.000,100.000,100.000
0150,True,197,170,False,788,0,4,"[34, 35, 80, 81]",,/home/diego/Escritorio/desde_cero/mi_informe_qc/psd_0150.png,100.000,100.000,100.000
0377,True,197,170,False,788,0,4,"[34, 35, 80, 81]",,/home/diego/Escritorio/desde_cero/mi_informe_qc/psd_0377.png,100.000,100.000,100.000
4030,True,197,170,False,788,0,4,"[34, 35, 80, 81]",,/home/diego/Escritorio/desde_cero/mi_informe_qc/psd_4030.png,100.000,100.000,100.000
4214,True,197,170,False,788,0,4,"[34, 35, 80, 81]",,/home/diego/Escritorio/desde_cero/mi_informe_qc/psd_4214.png,100.000,100.000,100.000
4302,True,197,170,False,788,0,4,"[34, 35, 80, 81]",,/home/diego/Escritorio/desde_cero/mi_informe_qc/psd_4302.png,100.000,100.000,100.000
4706,True,197,170,False,788,0,4,"[34, 35, 80, 81]",,/home/diego/Escritorio/desde_cero/mi_informe_qc/psd_4706.png,100.000,100.000,100.000
4051,True,197,170,False,788,0,4,"[34, 35, 80, 81]",,/home/diego/Escritorio/desde_cero/mi_informe_qc/psd_4051.png,100.000,100.000,100.000
4143,True,197,170,False,788,0,4,"[34, 35, 80, 81]",,/home/diego/Escritorio/desde_cero/mi_informe_qc/psd_4143.png,100.000,100.000,100.000
4271,True,197,170,False,788,0,4,"[34, 35, 80, 81]",,/home/diego/Escritorio/desde_cero/mi_informe_qc/psd_4271.png,100.000,100.000,100.000
4510,True,197,170,False,788,0,4,"[34, 35, 80, 81]",,/home/diego/Escritorio/desde_cero/mi_informe_qc/psd_4510.png,100.000,100.000,100.000
4513,True,197,170,False,788,0,4,"[34, 35, 80, 81]",,/home/diego/Escritorio/desde_cero/mi_informe_qc/psd_4513.png,100.000,100.000,100.000
4874,True,197,170,False,788,0,4,"[34, 35, 80, 81]",,/home/diego/Escritorio/desde_cero/mi_informe_qc/psd_4874.png,100.000,100.000,100.000
4876,True,197,170,False,788,0,4,"[34, 35, 80, 81]",,/home/diego/Escritorio/desde_cero/mi_informe_qc/psd_4876.png,100.000,100.000,100.000
4974,True,197,170,False,788,0,4,"[34, 35, 80, 81]",,/home/diego/Escritorio/desde_cero/mi_informe_qc/psd_4974.png,100.000,100.000,100.000
0919,True,140,170,False,560,0,4,"[34, 35, 80, 81]",,/home/diego/Escritorio/desde_cero/mi_informe_qc/psd_0919.png,96.988,100.000,96.988
2357,True,140,170,False,560,0,4,"[34, 35, 80, 81]",,/home/diego/Escritorio/desde_cero/mi_informe_qc/psd_2357.png,98.795,100.000,98.795
2396,True,140,170,False,560,0,4,"[34, 35, 80, 81]",,/home/diego/Escritorio/desde_cero/mi_informe_qc/psd_2396.png,95.181,100.000,95.181
4557,True,140,170,False,560,0,4,"[34, 35, 80, 81]",,/home/diego/Escritorio/desde_cero/mi_informe_qc/psd_4557.png,96.988,100.000,96.988
4578,True,140,170,False,560,0,4,"[34, 35, 80, 81]",,/home/diego/Escritorio/desde_cero/mi_informe_qc/psd_4578.png,99.398,100.000,99.398
4661,True,140,170,False,560,0,4,"[34, 35, 80, 81]",,/home/diego/Escritorio/desde_cero/mi_informe_qc/psd_4661.png,89.157,100.000,89.157
4813,True,140,170,False,560,0,4,"[34, 35, 80, 81]",,/home/diego/Escritorio/desde_cero/mi_informe_qc/psd_4813.png,92.169,100.000,92.169
5070,True,140,170,False,560,0,4,"[34, 35, 80, 81]",,/home/diego/Escritorio/desde_cero/mi_informe_qc/psd_5070.png,94.578,100.000,94.578
5208,True,140,170,False,560,0,4,"[34, 35, 80, 81]",,/home/diego/Escritorio/desde_cero/mi_informe_qc/psd_5208.png,91.566,100.000,91.566
6598,True,197,170,False,788,0,4,"[34, 35, 80, 81]",,/home/diego/Escritorio/desde_cero/mi_informe_qc/psd_6598.png,100.000,100.000,100.000
6861,True,197,170,False,788,0,4,"[34, 35, 80, 81]",,/home/diego/Escritorio/desde_cero/mi_informe_qc/psd_6861.png,100.000,100.000,100.000
7086,True,197,170,False,788,0,4,"[34, 35, 80, 81]",,/home/diego/Escritorio/desde_cero/mi_informe_qc/psd_7086.png,100.000,100.000,100.000
7109,True,197,170,False,788,0,4,"[34, 35, 80, 81]",,/home/diego/Escritorio/desde_cero/mi_informe_qc/psd_7109.png,100.000,100.000,100.000
6746,True,200,170,False,800,0,4,"[34, 35, 80, 81]",,/home/diego/Escritorio/desde_cero/mi_informe_qc/psd_6746.png,100.000,100.000,100.000
6869,True,200,170,False,800,0,4,"[34, 35, 80, 81]",,/home/diego/Escritorio/desde_cero/mi_informe_qc/psd_6869.png,100.000,99.398,99.398
2184,True,197,170,False,788,0,4,"[34, 35, 80, 81]",,/home/diego/Escritorio/desde_cero/mi_informe_qc/psd_2184.png,100.000,100.000,100.000
2187,True,197,170,False,788,0,4,"[34, 35, 80, 81]",,/home/diego/Escritorio/desde_cero/mi_informe_qc/psd_2187.png,100.000,100.000,100.000
2315,True,197,170,False,788,0,4,"[34, 35, 80, 81]",,/home/diego/Escritorio/desde_cero/mi_informe_qc/psd_2315.png,100.000,99.398,99.398
4061,True,197,170,False,788,0,4,"[34, 35, 80, 81]",,/home/diego/Escritorio/desde_cero/mi_informe_qc/psd_4061.png,100.000,100.000,100.000
4067,True,197,170,False,788,0,4,"[34, 35, 80, 81]",,/home/diego/Escritorio/desde_cero/mi_informe_qc/psd_4067.png,100.000,100.000,100.000
4332,True,197,170,False,788,0,4,"[34, 35, 80, 81]",,/home/diego/Escritorio/desde_cero/mi_informe_qc/psd_4332.png,100.000,100.000,100.000
4431,True,197,170,False,788,0,4,"[34, 35, 80, 81]",,/home/diego/Escritorio/desde_cero/mi_informe_qc/psd_4431.png,100.000,99.398,99.398
2121,True,197,170,False,788,0,4,"[34, 35, 80, 81]",,/home/diego/Escritorio/desde_cero/mi_informe_qc/psd_2121.png,100.000,100.000,100.000
6690,True,197,170,False,788,0,4,"[34, 35, 80, 81]",,/home/diego/Escritorio/desde_cero/mi_informe_qc/psd_6690.png,100.000,99.398,99.398
2201,True,197,170,False,788,0,4,"[34, 35, 80, 81]",,/home/diego/Escritorio/desde_cero/mi_informe_qc/psd_2201.png,100.000,99.398,99.398
2238,True,197,170,False,788,0,4,"[34, 35, 80, 81]",,/home/diego/Escritorio/desde_cero/mi_informe_qc/psd_2238.png,100.000,100.000,100.000
6601,True,200,170,False,800,0,4,"[34, 35, 80, 81]",,/home/diego/Escritorio/desde_cero/mi_informe_qc/psd_6601.png,100.000,100.000,100.000
6655,True,200,170,False,800,0,4,"[34, 35, 80, 81]",,/home/diego/Escritorio/desde_cero/mi_informe_qc/psd_6655.png,100.000,96.988,96.988
6658,True,200,170,False,800,0,4,"[34, 35, 80, 81]",,/home/diego/Escritorio/desde_cero/mi_informe_qc/psd_6658.png,100.000,100.000,100.000
2146,True,200,170,False,800,0,4,"[34, 35, 80, 81]",,/home/diego/Escritorio/desde_cero/mi_informe_qc/psd_2146.png,100.000,99.398,99.398
0069,True,197,170,False,788,0,4,"[34, 35, 80, 81]",,/home/diego/Escritorio/desde_cero/mi_informe_qc/psd_0069.png,100.000,100.000,100.000
1286,True,197,170,False,788,0,4,"[34, 35, 80, 81]",,/home/diego/Escritorio/desde_cero/mi_informe_qc/psd_1286.png,100.000,98.193,98.193
2351,True,140,170,False,560,0,4,"[34, 35, 80, 81]",,/home/diego/Escritorio/desde_cero/mi_informe_qc/psd_2351.png,95.181,100.000,95.181
4469,True,140,170,False,560,0,4,"[34, 35, 80, 81]",,/home/diego/Escritorio/desde_cero/mi_informe_qc/psd_4469.png,97.590,100.000,97.590
4511,True,140,170,False,560,0,4,"[34, 35, 80, 81]",,/home/diego/Escritorio/desde_cero/mi_informe_qc/psd_4511.png,91.566,100.000,91.566
4512,True,140,170,False,560,0,4,"[34, 35, 80, 81]",,/home/diego/Escritorio/desde_cero/mi_informe_qc/psd_4512.png,94.578,100.000,94.578
4556,True,140,170,False,560,0,4,"[34, 35, 80, 81]",,/home/diego/Escritorio/desde_cero/mi_informe_qc/psd_4556.png,95.181,100.000,95.181
4884,True,140,170,False,560,0,4,"[34, 35, 80, 81]",,/home/diego/Escritorio/desde_cero/mi_informe_qc/psd_4884.png,95.783,100.000,95.783
4970,True,140,170,False,560,0,4,"[34, 35, 80, 81]",,/home/diego/Escritorio/desde_cero/mi_informe_qc/psd_4970.png,83.133,100.000,83.133
5106,True,140,170,False,560,0,4,"[34, 35, 80, 81]",,/home/diego/Escritorio/desde_cero/mi_informe_qc/psd_5106.png,97.590,100.000,97.590
5246,True,140,170,False,560,0,4,"[34, 35, 80, 81]",,/home/diego/Escritorio/desde_cero/mi_informe_qc/psd_5246.png,90.361,100.000,90.361
6164,True,197,170,False,788,0,4,"[34, 35, 80, 81]",,/home/diego/Escritorio/desde_cero/mi_informe_qc/psd_6164.png,100.000,100.000,100.000
6273,True,197,170,False,788,0,4,"[34, 35, 80, 81]",,/home/diego/Escritorio/desde_cero/mi_informe_qc/psd_6273.png,100.000,100.000,100.000
6308,True,197,170,False,788,0,4,"[34, 35, 80, 81]",,/home/diego/Escritorio/desde_cero/mi_informe_qc/psd_6308.png,100.000,99.398,99.398
6349,True,197,170,False,788,0,4,"[34, 35, 80, 81]",,/home/diego/Escritorio/desde_cero/mi_informe_qc/psd_6349.png,100.000,100.000,100.000
6493,True,197,170,False,788,0,4,"[34, 35, 80, 81]",,/home/diego/Escritorio/desde_cero/mi_informe_qc/psd_6493.png,100.000,100.000,100.000
6578,True,197,170,False,788,0,4,"[34, 35, 80, 81]",,/home/diego/Escritorio/desde_cero/mi_informe_qc/psd_6578.png,100.000,100.000,100.000
6713,True,197,170,False,788,0,4,"[34, 35, 80, 81]",,/home/diego/Escritorio/desde_cero/mi_informe_qc/psd_6713.png,100.000,100.000,100.000
4380,True,197,170,False,788,0,4,"[34, 35, 80, 81]",,/home/diego/Escritorio/desde_cero/mi_informe_qc/psd_4380.png,100.000,100.000,100.000
2392,True,197,170,False,788,0,4,"[34, 35, 80, 81]",,/home/diego/Escritorio/desde_cero/mi_informe_qc/psd_2392.png,100.000,100.000,100.000
4404,True,197,170,False,788,0,4,"[34, 35, 80, 81]",,/home/diego/Escritorio/desde_cero/mi_informe_qc/psd_4404.png,100.000,100.000,100.000
5047,True,197,170,False,788,0,4,"[34, 35, 80, 81]",,/home/diego/Escritorio/desde_cero/mi_informe_qc/psd_5047.png,100.000,100.000,100.000
6039,True,197,170,False,33490,0,170,"[0, 1, 2, 3, 4, 5, 6, 7, 8, 9, 10, 11, 12, 13, 14, 15, 16, 17, 18, 19, 20, 21, 22, 23, 24, 25, 26, 27, 28, 29, 30, 31, 32, 33, 34, 35, 36, 37, 38, 39, 40, 41, 42, 43, 44, 45, 46, 47, 48, 49, 50, 51, 52, 53, 54, 55, 56, 57, 58, 59, 60, 61, 62, 63, 64, 65, 66, 67, 68, 69, 70, 71, 72, 73, 74, 75, 76, 77, 78, 79, 80, 81, 82, 83, 84, 85, 86, 87, 88, 89, 90, 91, 92, 93, 94, 95, 96, 97, 98, 99, 100, 101, 102, 103, 104, 105, 106, 107, 108, 109, 110, 111, 112, 113, 114, 115, 116, 117, 118, 119, 120, 121, 122, 123, 124, 125, 126, 127, 128, 129, 130, 131, 132, 133, 134, 135, 136, 137, 138, 139, 140, 141, 142, 143, 144, 145, 146, 147, 148, 149, 150, 151, 152, 153, 154, 155, 156, 157, 158, 159, 160, 161, 162, 163, 164, 165, 166, 167, 168, 169]",,/home/diego/Escritorio/desde_cero/mi_informe_qc/psd_6039.png,0.000,0.000,0.000
6347,True,197,170,False,788,0,4,"[34, 35, 80, 81]",,/home/diego/Escritorio/desde_cero/mi_informe_qc/psd_6347.png,100.000,100.000,100.000
6368,True,197,170,False,788,0,4,"[34, 35, 80, 81]",,/home/diego/Escritorio/desde_cero/mi_informe_qc/psd_6368.png,100.000,100.000,100.000
6595,True,197,170,False,788,0,4,"[34, 35, 80, 81]",,/home/diego/Escritorio/desde_cero/mi_informe_qc/psd_6595.png,100.000,100.000,100.000
4199,True,197,170,False,788,0,4,"[34, 35, 80, 81]",,/home/diego/Escritorio/desde_cero/mi_informe_qc/psd_4199.png,100.000,100.000,100.000
6100,True,197,170,False,788,0,4,"[34, 35, 80, 81]",,/home/diego/Escritorio/desde_cero/mi_informe_qc/psd_6100.png,100.000,100.000,100.000
6543,True,197,170,False,788,0,4,"[34, 35, 80, 81]",,/home/diego/Escritorio/desde_cero/mi_informe_qc/psd_6543.png,100.000,98.193,98.193
0072,True,197,170,False,788,0,4,"[34, 35, 80, 81]",,/home/diego/Escritorio/desde_cero/mi_informe_qc/psd_0072.png,100.000,100.000,100.000
0106,True,197,170,False,788,0,4,"[34, 35, 80, 81]",,/home/diego/Escritorio/desde_cero/mi_informe_qc/psd_0106.png,100.000,100.000,100.000
0298,True,197,170,False,788,0,4,"[34, 35, 80, 81]",,/home/diego/Escritorio/desde_cero/mi_informe_qc/psd_0298.png,100.000,100.000,100.000
1300,True,197,170,False,788,0,4,"[34, 35, 80, 81]",,/home/diego/Escritorio/desde_cero/mi_informe_qc/psd_1300.png,100.000,100.000,100.000
4127,True,197,170,False,788,0,4,"[34, 35, 80, 81]",,/home/diego/Escritorio/desde_cero/mi_informe_qc/psd_4127.png,100.000,100.000,100.000
4170,True,197,170,False,788,0,4,"[34, 35, 80, 81]",,/home/diego/Escritorio/desde_cero/mi_informe_qc/psd_4170.png,100.000,100.000,100.000
6118,True,197,170,False,788,0,4,"[34, 35, 80, 81]",,/home/diego/Escritorio/desde_cero/mi_informe_qc/psd_6118.png,100.000,100.000,100.000
6825,True,197,170,False,788,0,4,"[34, 35, 80, 81]",,/home/diego/Escritorio/desde_cero/mi_informe_qc/psd_6825.png,100.000,99.398,99.398
6888,True,197,170,False,788,0,4,"[34, 35, 80, 81]",,/home/diego/Escritorio/desde_cero/mi_informe_qc/psd_6888.png,100.000,99.398,99.398
6891,True,197,170,False,788,0,4,"[34, 35, 80, 81]",,/home/diego/Escritorio/desde_cero/mi_informe_qc/psd_6891.png,100.000,100.000,100.000
4507,True,200,170,False,800,0,4,"[34, 35, 80, 81]",,/home/diego/Escritorio/desde_cero/mi_informe_qc/psd_4507.png,100.000,100.000,100.000
4514,True,200,170,False,800,0,4,"[34, 35, 80, 81]",,/home/diego/Escritorio/desde_cero/mi_informe_qc/psd_4514.png,100.000,100.000,100.000
4891,True,200,170,False,800,0,4,"[34, 35, 80, 81]",,/home/diego/Escritorio/desde_cero/mi_informe_qc/psd_4891.png,100.000,99.398,99.398
4896,True,200,170,False,800,0,4,"[34, 35, 80, 81]",,/home/diego/Escritorio/desde_cero/mi_informe_qc/psd_4896.png,100.000,100.000,100.000
6683,True,200,170,False,800,0,4,"[34, 35, 80, 81]",,/home/diego/Escritorio/desde_cero/mi_informe_qc/psd_6683.png,100.000,100.000,100.000
6721,True,200,170,False,800,0,4,"[34, 35, 80, 81]",,/home/diego/Escritorio/desde_cero/mi_informe_qc/psd_6721.png,100.000,100.000,100.000
2234,True,200,170,False,800,0,4,"[34, 35, 80, 81]",,/home/diego/Escritorio/desde_cero/mi_informe_qc/psd_2234.png,100.000,100.000,100.000
4197,True,200,170,False,800,0,4,"[34, 35, 80, 81]",,/home/diego/Escritorio/desde_cero/mi_informe_qc/psd_4197.png,100.000,100.000,100.000
4210,True,200,170,False,800,0,4,"[34, 35, 80, 81]",,/home/diego/Escritorio/desde_cero/mi_informe_qc/psd_4210.png,100.000,100.000,100.000
4301,True,200,170,False,800,0,4,"[34, 35, 80, 81]",,/home/diego/Escritorio/desde_cero/mi_informe_qc/psd_4301.png,100.000,100.000,100.000
4765,True,200,170,False,800,0,4,"[34, 35, 80, 81]",,/home/diego/Escritorio/desde_cero/mi_informe_qc/psd_4765.png,100.000,100.000,100.000
4928,True,200,170,False,800,0,4,"[34, 35, 80, 81]",,/home/diego/Escritorio/desde_cero/mi_informe_qc/psd_4928.png,100.000,100.000,100.000
6433,True,200,170,False,800,0,4,"[34, 35, 80, 81]",,/home/diego/Escritorio/desde_cero/mi_informe_qc/psd_6433.png,100.000,100.000,100.000
6549,True,200,170,False,800,0,4,"[34, 35, 80, 81]",,/home/diego/Escritorio/desde_cero/mi_informe_qc/psd_6549.png,100.000,100.000,100.000
2002,True,200,170,False,800,0,165,"[0, 1, 4, 6, 7, 8, 9, 10, 11, 12, 13, 14, 15, 16, 17, 20, 21, 22, 23, 24, 25, 26, 27, 28, 29, 30, 31, 32, 33, 34, 35, 36, 37, 38, 39, 40, 41, 42, 43, 44, 45, 46, 47, 48, 49, 50, 51, 52, 53, 54, 55, 56, 57, 58, 59, 60, 61, 62, 63, 64, 65, 66, 67, 68, 69, 70, 71, 72, 73, 74, 75, 76, 77, 78, 79, 80, 81, 82, 83, 84, 85, 86, 87, 88, 89, 90, 91, 92, 93, 94, 95, 96, 97, 98, 99, 100, 101, 102, 103, 104, 105, 106, 107, 108, 109, 110, 111, 112, 113, 114, 115, 116, 117, 118, 119, 120, 121, 122, 123, 124, 125, 126, 127, 128, 129, 130, 131, 132, 133, 134, 135, 136, 137, 138, 139, 140, 141, 142, 143, 144, 145, 146, 147, 148, 149, 150, 151, 152, 153, 154, 155, 156, 157, 158, 159, 160, 161, 162, 163, 164, 165, 166, 167, 168, 169]",,/home/diego/Escritorio/desde_cero/mi_informe_qc/psd_2002.png,100.000,100.000,100.000
2036,True,200,170,False,800,0,4,"[34, 35, 80, 81]",,/home/diego/Escritorio/desde_cero/mi_informe_qc/psd_2036.png,100.000,100.000,100.000
2123,True,200,170,False,800,0,4,"[34, 35, 80, 81]",,/home/diego/Escritorio/desde_cero/mi_informe_qc/psd_2123.png,100.000,100.000,100.000
2130,True,200,170,False,800,0,4,"[34, 35, 80, 81]",,/home/diego/Escritorio/desde_cero/mi_informe_qc/psd_2130.png,100.000,100.000,100.000
2220,True,200,170,False,800,0,4,"[34, 35, 80, 81]",,/home/diego/Escritorio/desde_cero/mi_informe_qc/psd_2220.png,100.000,100.000,100.000
4842,True,200,170,False,800,0,4,"[34, 35, 80, 81]",,/home/diego/Escritorio/desde_cero/mi_informe_qc/psd_4842.png,100.000,100.000,100.000
2332,True,200,170,False,800,0,4,"[34, 35, 80, 81]",,/home/diego/Escritorio/desde_cero/mi_informe_qc/psd_2332.png,100.000,100.000,100.000
6763,True,200,170,False,800,0,4,"[34, 35, 80, 81]",,/home/diego/Escritorio/desde_cero/mi_informe_qc/psd_6763.png,100.000,100.000,100.000
6784,True,200,170,False,800,0,4,"[34, 35, 80, 81]",,/home/diego/Escritorio/desde_cero/mi_informe_qc/psd_6784.png,100.000,100.000,100.000
0969,True,197,170,False,788,0,4,"[34, 35, 80, 81]",,/home/diego/Escritorio/desde_cero/mi_informe_qc/psd_0969.png,100.000,99.398,99.398
2391,True,140,170,False,560,0,4,"[34, 35, 80, 81]",,/home/diego/Escritorio/desde_cero/mi_informe_qc/psd_2391.png,74.096,100.000,74.096
2402,True,140,170,False,560,0,4,"[34, 35, 80, 81]",,/home/diego/Escritorio/desde_cero/mi_informe_qc/psd_2402.png,93.976,100.000,93.976
2403,True,140,170,False,560,0,4,"[34, 35, 80, 81]",,/home/diego/Escritorio/desde_cero/mi_informe_qc/psd_2403.png,96.386,100.000,96.386
4294,True,140,170,False,560,0,4,"[34, 35, 80, 81]",,/home/diego/Escritorio/desde_cero/mi_informe_qc/psd_4294.png,97.590,100.000,97.590
4343,True,140,170,False,560,0,4,"[34, 35, 80, 81]",,/home/diego/Escritorio/desde_cero/mi_informe_qc/psd_4343.png,97.590,100.000,97.590
4352,True,140,170,False,560,0,4,"[34, 35, 80, 81]",,/home/diego/Escritorio/desde_cero/mi_informe_qc/psd_4352.png,99.398,100.000,99.398
4405,True,140,170,False,560,0,4,"[34, 35, 80, 81]",,/home/diego/Escritorio/desde_cero/mi_informe_qc/psd_4405.png,95.783,100.000,95.783
4415,True,140,170,False,560,0,4,"[34, 35, 80, 81]",,/home/diego/Escritorio/desde_cero/mi_informe_qc/psd_4415.png,96.988,100.000,96.988
4417,True,140,170,False,560,0,4,"[34, 35, 80, 81]",,/home/diego/Escritorio/desde_cero/mi_informe_qc/psd_4417.png,91.566,100.000,91.566
4468,True,140,170,False,560,0,4,"[34, 35, 80, 81]",,/home/diego/Escritorio/desde_cero/mi_informe_qc/psd_4468.png,93.373,100.000,93.373
4542,True,140,170,False,560,0,4,"[34, 35, 80, 81]",,/home/diego/Escritorio/desde_cero/mi_informe_qc/psd_4542.png,88.554,100.000,88.554
4589,True,140,170,False,560,0,4,"[34, 35, 80, 81]",,/home/diego/Escritorio/desde_cero/mi_informe_qc/psd_4589.png,98.193,100.000,98.193
4605,True,140,170,False,560,0,4,"[34, 35, 80, 81]",,/home/diego/Escritorio/desde_cero/mi_informe_qc/psd_4605.png,95.783,100.000,95.783
4641,True,140,170,False,560,0,4,"[34, 35, 80, 81]",,/home/diego/Escritorio/desde_cero/mi_informe_qc/psd_4641.png,94.578,100.000,94.578
4660,True,140,170,False,560,0,4,"[34, 35, 80, 81]",,/home/diego/Escritorio/desde_cero/mi_informe_qc/psd_4660.png,87.349,100.000,87.349
4730,True,140,170,False,560,0,4,"[34, 35, 80, 81]",,/home/diego/Escritorio/desde_cero/mi_informe_qc/psd_4730.png,96.386,100.000,96.386
4817,True,140,170,False,560,0,4,"[34, 35, 80, 81]",,/home/diego/Escritorio/desde_cero/mi_informe_qc/psd_4817.png,92.169,100.000,92.169
4883,True,140,170,False,560,0,4,"[34, 35, 80, 81]",,/home/diego/Escritorio/desde_cero/mi_informe_qc/psd_4883.png,93.373,99.398,92.771
4925,True,140,170,False,560,0,4,"[34, 35, 80, 81]",,/home/diego/Escritorio/desde_cero/mi_informe_qc/psd_4925.png,86.747,100.000,86.747
4971,True,140,170,False,560,0,4,"[34, 35, 80, 81]",,/home/diego/Escritorio/desde_cero/mi_informe_qc/psd_4971.png,93.976,100.000,93.976
4982,True,140,170,False,560,0,4,"[34, 35, 80, 81]",,/home/diego/Escritorio/desde_cero/mi_informe_qc/psd_4982.png,91.566,99.398,90.964
4984,True,140,170,False,560,0,4,"[34, 35, 80, 81]",,/home/diego/Escritorio/desde_cero/mi_informe_qc/psd_4984.png,94.578,100.000,94.578
4990,True,140,170,False,560,0,4,"[34, 35, 80, 81]",,/home/diego/Escritorio/desde_cero/mi_informe_qc/psd_4990.png,90.361,100.000,90.361
4997,True,140,170,False,560,0,4,"[34, 35, 80, 81]",,/home/diego/Escritorio/desde_cero/mi_informe_qc/psd_4997.png,95.783,100.000,95.783
5006,True,140,170,False,560,0,4,"[34, 35, 80, 81]",,/home/diego/Escritorio/desde_cero/mi_informe_qc/psd_5006.png,97.590,100.000,97.590
5059,True,140,170,False,560,0,4,"[34, 35, 80, 81]",,/home/diego/Escritorio/desde_cero/mi_informe_qc/psd_5059.png,85.542,100.000,85.542
5231,True,140,170,False,560,0,4,"[34, 35, 80, 81]",,/home/diego/Escritorio/desde_cero/mi_informe_qc/psd_5231.png,90.361,100.000,90.361
6019,True,197,170,False,788,0,4,"[34, 35, 80, 81]",,/home/diego/Escritorio/desde_cero/mi_informe_qc/psd_6019.png,100.000,100.000,100.000
6027,True,197,170,False,788,0,4,"[34, 35, 80, 81]",,/home/diego/Escritorio/desde_cero/mi_informe_qc/psd_6027.png,100.000,100.000,100.000
6035,True,197,170,False,788,0,4,"[34, 35, 80, 81]",,/home/diego/Escritorio/desde_cero/mi_informe_qc/psd_6035.png,100.000,100.000,100.000
6037,True,197,170,False,788,0,4,"[34, 35, 80, 81]",,/home/diego/Escritorio/desde_cero/mi_informe_qc/psd_6037.png,100.000,100.000,100.000
6043,True,197,170,False,788,0,4,"[34, 35, 80, 81]",,/home/diego/Escritorio/desde_cero/mi_informe_qc/psd_6043.png,100.000,100.000,100.000
6047,True,197,170,False,788,0,4,"[34, 35, 80, 81]",,/home/diego/Escritorio/desde_cero/mi_informe_qc/psd_6047.png,100.000,100.000,100.000
6072,True,197,170,False,788,0,4,"[34, 35, 80, 81]",,/home/diego/Escritorio/desde_cero/mi_informe_qc/psd_6072.png,100.000,100.000,100.000
6105,True,197,170,False,788,0,4,"[34, 35, 80, 81]",,/home/diego/Escritorio/desde_cero/mi_informe_qc/psd_6105.png,100.000,100.000,100.000
6111,True,197,170,False,788,0,4,"[34, 35, 80, 81]",,/home/diego/Escritorio/desde_cero/mi_informe_qc/psd_6111.png,100.000,99.398,99.398
6137,True,197,170,False,788,0,4,"[34, 35, 80, 81]",,/home/diego/Escritorio/desde_cero/mi_informe_qc/psd_6137.png,100.000,100.000,100.000
6161,True,197,170,False,788,0,4,"[34, 35, 80, 81]",,/home/diego/Escritorio/desde_cero/mi_informe_qc/psd_6161.png,100.000,100.000,100.000
6319,True,197,170,False,788,0,4,"[34, 35, 80, 81]",,/home/diego/Escritorio/desde_cero/mi_informe_qc/psd_6319.png,100.000,100.000,100.000
6361,True,197,170,False,788,0,4,"[34, 35, 80, 81]",,/home/diego/Escritorio/desde_cero/mi_informe_qc/psd_6361.png,100.000,99.398,99.398
6372,True,197,170,False,788,0,4,"[34, 35, 80, 81]",,/home/diego/Escritorio/desde_cero/mi_informe_qc/psd_6372.png,100.000,100.000,100.000
6388,True,197,170,False,788,0,4,"[34, 35, 80, 81]",,/home/diego/Escritorio/desde_cero/mi_informe_qc/psd_6388.png,100.000,100.000,100.000
6390,True,197,170,False,788,0,4,"[34, 35, 80, 81]",,/home/diego/Escritorio/desde_cero/mi_informe_qc/psd_6390.png,100.000,100.000,100.000
6391,True,197,170,False,788,0,4,"[34, 35, 80, 81]",,/home/diego/Escritorio/desde_cero/mi_informe_qc/psd_6391.png,100.000,100.000,100.000
6469,True,197,170,False,788,0,4,"[34, 35, 80, 81]",,/home/diego/Escritorio/desde_cero/mi_informe_qc/psd_6469.png,100.000,100.000,100.000
6558,True,197,170,False,788,0,4,"[34, 35, 80, 81]",,/home/diego/Escritorio/desde_cero/mi_informe_qc/psd_6558.png,100.000,100.000,100.000
6604,True,197,170,False,788,0,4,"[34, 35, 80, 81]",,/home/diego/Escritorio/desde_cero/mi_informe_qc/psd_6604.png,100.000,100.000,100.000
6611,True,197,170,False,788,0,4,"[34, 35, 80, 81]",,/home/diego/Escritorio/desde_cero/mi_informe_qc/psd_6611.png,100.000,100.000,100.000
6612,True,197,170,False,788,0,4,"[34, 35, 80, 81]",,/home/diego/Escritorio/desde_cero/mi_informe_qc/psd_6612.png,100.000,100.000,100.000
6639,True,197,170,False,788,0,4,"[34, 35, 80, 81]",,/home/diego/Escritorio/desde_cero/mi_informe_qc/psd_6639.png,100.000,100.000,100.000
6646,True,197,170,False,788,0,4,"[34, 35, 80, 81]",,/home/diego/Escritorio/desde_cero/mi_informe_qc/psd_6646.png,100.000,99.398,99.398
6647,True,197,170,False,788,0,4,"[34, 35, 80, 81]",,/home/diego/Escritorio/desde_cero/mi_informe_qc/psd_6647.png,100.000,100.000,100.000
6823,True,197,170,False,788,0,4,"[34, 35, 80, 81]",,/home/diego/Escritorio/desde_cero/mi_informe_qc/psd_6823.png,100.000,100.000,100.000
0384,True,197,170,False,788,0,4,"[34, 35, 80, 81]",,/home/diego/Escritorio/desde_cero/mi_informe_qc/psd_0384.png,100.000,100.000,100.000
5138,True,140,170,False,560,0,4,"[34, 35, 80, 81]",,/home/diego/Escritorio/desde_cero/mi_informe_qc/psd_5138.png,95.181,100.000,95.181
6143,True,197,170,False,788,0,4,"[34, 35, 80, 81]",,/home/diego/Escritorio/desde_cero/mi_informe_qc/psd_6143.png,100.000,100.000,100.000
6616,True,197,170,False,788,0,4,"[34, 35, 80, 81]",,/home/diego/Escritorio/desde_cero/mi_informe_qc/psd_6616.png,100.000,99.398,99.398
7032,True,197,170,False,788,0,4,"[34, 35, 80, 81]",,/home/diego/Escritorio/desde_cero/mi_informe_qc/psd_7032.png,100.000,100.000,100.000
4356,True,200,170,False,800,0,4,"[34, 35, 80, 81]",,/home/diego/Escritorio/desde_cero/mi_informe_qc/psd_4356.png,100.000,100.000,100.000
4489,True,200,170,False,800,0,4,"[34, 35, 80, 81]",,/home/diego/Escritorio/desde_cero/mi_informe_qc/psd_4489.png,100.000,100.000,100.000
4722,True,200,170,False,800,0,4,"[34, 35, 80, 81]",,/home/diego/Escritorio/desde_cero/mi_informe_qc/psd_4722.png,100.000,100.000,100.000
4723,True,200,170,False,800,0,4,"[34, 35, 80, 81]",,/home/diego/Escritorio/desde_cero/mi_informe_qc/psd_4723.png,100.000,100.000,100.000
6284,True,200,170,False,800,0,4,"[34, 35, 80, 81]",,/home/diego/Escritorio/desde_cero/mi_informe_qc/psd_6284.png,100.000,100.000,100.000
6389,True,200,170,False,800,0,4,"[34, 35, 80, 81]",,/home/diego/Escritorio/desde_cero/mi_informe_qc/psd_6389.png,100.000,100.000,100.000
6545,True,200,170,False,800,0,4,"[34, 35, 80, 81]",,/home/diego/Escritorio/desde_cero/mi_informe_qc/psd_6545.png,100.000,100.000,100.000
6687,True,200,170,False,800,0,4,"[34, 35, 80, 81]",,/home/diego/Escritorio/desde_cero/mi_informe_qc/psd_6687.png,100.000,99.398,99.398
6840,True,200,170,False,800,0,4,"[34, 35, 80, 81]",,/home/diego/Escritorio/desde_cero/mi_informe_qc/psd_6840.png,100.000,100.000,100.000
7003,True,200,170,False,800,0,4,"[34, 35, 80, 81]",,/home/diego/Escritorio/desde_cero/mi_informe_qc/psd_7003.png,100.000,100.000,100.000
4269,True,140,170,False,560,0,4,"[34, 35, 80, 81]",,/home/diego/Escritorio/desde_cero/mi_informe_qc/psd_4269.png,85.542,100.000,85.542
4408,True,140,170,False,560,0,4,"[34, 35, 80, 81]",,/home/diego/Escritorio/desde_cero/mi_informe_qc/psd_4408.png,81.928,100.000,81.928
4433,True,140,170,False,560,0,4,"[34, 35, 80, 81]",,/home/diego/Escritorio/desde_cero/mi_informe_qc/psd_4433.png,92.169,100.000,92.169
4517,True,140,170,False,560,0,4,"[34, 35, 80, 81]",,/home/diego/Escritorio/desde_cero/mi_informe_qc/psd_4517.png,90.964,100.000,90.964
4726,True,140,170,False,560,0,4,"[34, 35, 80, 81]",,/home/diego/Escritorio/desde_cero/mi_informe_qc/psd_4726.png,84.940,100.000,84.940
4727,True,140,170,False,560,0,4,"[34, 35, 80, 81]",,/home/diego/Escritorio/desde_cero/mi_informe_qc/psd_4727.png,97.590,100.000,97.590
4836,True,140,170,False,560,0,4,"[34, 35, 80, 81]",,/home/diego/Escritorio/desde_cero/mi_informe_qc/psd_4836.png,91.566,100.000,91.566
4848,True,140,170,False,560,0,4,"[34, 35, 80, 81]",,/home/diego/Escritorio/desde_cero/mi_informe_qc/psd_4848.png,98.193,100.000,98.193
4932,True,140,170,False,560,0,4,"[34, 35, 80, 81]",,/home/diego/Escritorio/desde_cero/mi_informe_qc/psd_4932.png,95.181,100.000,95.181
4956,True,140,170,False,560,0,4,"[34, 35, 80, 81]",,/home/diego/Escritorio/desde_cero/mi_informe_qc/psd_4956.png,100.000,100.000,100.000
4993,True,140,170,False,560,0,4,"[34, 35, 80, 81]",,/home/diego/Escritorio/desde_cero/mi_informe_qc/psd_4993.png,85.542,100.000,85.542
2333,True,197,170,False,788,0,4,"[34, 35, 80, 81]",,/home/diego/Escritorio/desde_cero/mi_informe_qc/psd_2333.png,100.000,100.000,100.000
4160,True,197,170,False,788,0,4,"[34, 35, 80, 81]",,/home/diego/Escritorio/desde_cero/mi_informe_qc/psd_4160.png,100.000,100.000,100.000
6142,True,197,170,False,788,0,4,"[34, 35, 80, 81]",,/home/diego/Escritorio/desde_cero/mi_informe_qc/psd_6142.png,100.000,100.000,100.000
6735,True,197,170,False,788,0,4,"[34, 35, 80, 81]",,/home/diego/Escritorio/desde_cero/mi_informe_qc/psd_6735.png,100.000,100.000,100.000
6754,True,197,170,False,788,0,4,"[34, 35, 80, 81]",,/home/diego/Escritorio/desde_cero/mi_informe_qc/psd_6754.png,100.000,100.000,100.000
6827,True,197,170,False,788,0,4,"[34, 35, 80, 81]",,/home/diego/Escritorio/desde_cero/mi_informe_qc/psd_6827.png,100.000,100.000,100.000
6828,True,197,170,False,788,0,4,"[34, 35, 80, 81]",,/home/diego/Escritorio/desde_cero/mi_informe_qc/psd_6828.png,100.000,98.795,98.795
6843,True,197,170,False,788,0,4,"[34, 35, 80, 81]",,/home/diego/Escritorio/desde_cero/mi_informe_qc/psd_6843.png,100.000,100.000,100.000
6921,True,197,170,False,788,0,4,"[34, 35, 80, 81]",,/home/diego/Escritorio/desde_cero/mi_informe_qc/psd_6921.png,100.000,99.398,99.398
6938,True,197,170,False,788,0,4,"[34, 35, 80, 81]",,/home/diego/Escritorio/desde_cero/mi_informe_qc/psd_6938.png,100.000,100.000,100.000
6328,True,197,170,False,788,0,4,"[34, 35, 80, 81]",,/home/diego/Escritorio/desde_cero/mi_informe_qc/psd_6328.png,100.000,100.000,100.000
6335,True,197,170,False,788,0,4,"[34, 35, 80, 81]",,/home/diego/Escritorio/desde_cero/mi_informe_qc/psd_6335.png,100.000,100.000,100.000
6408,True,197,170,False,788,0,4,"[34, 35, 80, 81]",,/home/diego/Escritorio/desde_cero/mi_informe_qc/psd_6408.png,100.000,100.000,100.000
6409,True,197,170,False,788,0,4,"[34, 35, 80, 81]",,/home/diego/Escritorio/desde_cero/mi_informe_qc/psd_6409.png,100.000,100.000,100.000
6420,True,197,170,False,788,0,4,"[34, 35, 80, 81]",,/home/diego/Escritorio/desde_cero/mi_informe_qc/psd_6420.png,100.000,100.000,100.000
6448,True,197,170,False,788,0,4,"[34, 35, 80, 81]",,/home/diego/Escritorio/desde_cero/mi_informe_qc/psd_6448.png,100.000,99.398,99.398
6056,True,197,170,False,788,0,4,"[34, 35, 80, 81]",,/home/diego/Escritorio/desde_cero/mi_informe_qc/psd_6056.png,100.000,100.000,100.000
6224,True,197,170,False,788,0,4,"[34, 35, 80, 81]",,/home/diego/Escritorio/desde_cero/mi_informe_qc/psd_6224.png,100.000,100.000,100.000
6297,True,197,170,False,788,0,4,"[34, 35, 80, 81]",,/home/diego/Escritorio/desde_cero/mi_informe_qc/psd_6297.png,100.000,100.000,100.000
6326,True,197,170,False,788,0,4,"[34, 35, 80, 81]",,/home/diego/Escritorio/desde_cero/mi_informe_qc/psd_6326.png,100.000,100.000,100.000
6501,True,197,170,False,788,0,4,"[34, 35, 80, 81]",,/home/diego/Escritorio/desde_cero/mi_informe_qc/psd_6501.png,100.000,100.000,100.000
6508,True,197,170,False,788,0,4,"[34, 35, 80, 81]",,/home/diego/Escritorio/desde_cero/mi_informe_qc/psd_6508.png,100.000,100.000,100.000
6592,True,197,170,False,788,0,4,"[34, 35, 80, 81]",,/home/diego/Escritorio/desde_cero/mi_informe_qc/psd_6592.png,100.000,100.000,100.000
6615,True,197,170,False,788,0,4,"[34, 35, 80, 81]",,/home/diego/Escritorio/desde_cero/mi_informe_qc/psd_6615.png,100.000,100.000,100.000
6698,True,197,170,False,788,0,4,"[34, 35, 80, 81]",,/home/diego/Escritorio/desde_cero/mi_informe_qc/psd_6698.png,100.000,100.000,100.000
6777,True,197,170,False,788,0,4,"[34, 35, 80, 81]",,/home/diego/Escritorio/desde_cero/mi_informe_qc/psd_6777.png,100.000,100.000,100.000
6811,True,197,170,False,788,0,4,"[34, 35, 80, 81]",,/home/diego/Escritorio/desde_cero/mi_informe_qc/psd_6811.png,100.000,100.000,100.000
6157,True,197,170,False,788,0,4,"[34, 35, 80, 81]",,/home/diego/Escritorio/desde_cero/mi_informe_qc/psd_6157.png,100.000,100.000,100.000
6188,True,197,170,False,788,0,4,"[34, 35, 80, 81]",,/home/diego/Escritorio/desde_cero/mi_informe_qc/psd_6188.png,100.000,100.000,100.000
6313,True,197,170,False,788,0,4,"[34, 35, 80, 81]",,/home/diego/Escritorio/desde_cero/mi_informe_qc/psd_6313.png,100.000,100.000,100.000
6438,True,197,170,False,788,0,4,"[34, 35, 80, 81]",,/home/diego/Escritorio/desde_cero/mi_informe_qc/psd_6438.png,100.000,100.000,100.000
6498,True,197,170,False,788,0,4,"[34, 35, 80, 81]",,/home/diego/Escritorio/desde_cero/mi_informe_qc/psd_6498.png,100.000,100.000,100.000
6742,True,197,170,False,788,0,4,"[34, 35, 80, 81]",,/home/diego/Escritorio/desde_cero/mi_informe_qc/psd_6742.png,100.000,100.000,100.000
6744,True,197,170,False,788,0,4,"[34, 35, 80, 81]",,/home/diego/Escritorio/desde_cero/mi_informe_qc/psd_6744.png,100.000,100.000,100.000
6810,True,197,170,False,788,0,4,"[34, 35, 80, 81]",,/home/diego/Escritorio/desde_cero/mi_informe_qc/psd_6810.png,100.000,100.000,100.000
6845,True,197,170,False,788,0,4,"[34, 35, 80, 81]",,/home/diego/Escritorio/desde_cero/mi_informe_qc/psd_6845.png,100.000,100.000,100.000
6850,True,197,170,False,788,0,4,"[34, 35, 80, 81]",,/home/diego/Escritorio/desde_cero/mi_informe_qc/psd_6850.png,100.000,100.000,100.000
6871,True,197,170,False,788,0,4,"[34, 35, 80, 81]",,/home/diego/Escritorio/desde_cero/mi_informe_qc/psd_6871.png,100.000,100.000,100.000
6877,True,197,170,False,788,0,4,"[34, 35, 80, 81]",,/home/diego/Escritorio/desde_cero/mi_informe_qc/psd_6877.png,100.000,100.000,100.000
6881,True,197,170,False,788,0,4,"[34, 35, 80, 81]",,/home/diego/Escritorio/desde_cero/mi_informe_qc/psd_6881.png,100.000,100.000,100.000
6899,True,197,170,False,788,0,4,"[34, 35, 80, 81]",,/home/diego/Escritorio/desde_cero/mi_informe_qc/psd_6899.png,100.000,99.398,99.398
4036,True,197,170,False,788,0,4,"[34, 35, 80, 81]",,/home/diego/Escritorio/desde_cero/mi_informe_qc/psd_4036.png,100.000,100.000,100.000
4187,True,197,170,False,788,0,4,"[34, 35, 80, 81]",,/home/diego/Escritorio/desde_cero/mi_informe_qc/psd_4187.png,100.000,99.398,99.398
